ProductID,MakeFlag,FinishedGoodsFlag,Color,SafetyStockLevel,ReorderPoint,StandardCost,ListPrice,Size,SizeUnitMeasureCode,Weight,WeightUnitMeasureCode,DaysToManufacture,ProductLine,Class,Style,ProductSubcategoryID,ProductModelID,BUY
533,1,0,,500,375,0,0,,,,,1,,,,,,0
534,1,0,,500,375,0,0,,,,,1,,,,,,0
535,0,0,,800,600,0,0,,,,,0,,,,,,0
679,0,0,Silver,500,375,0,0,,,,,0,,,,,,0
680,1,1,Black,500,375,1059.31,1431.5,58,CM ,2.24,LB ,1,R ,H ,U ,14,6,0
706,1,1,Red,500,375,1059.31,1431.5,58,CM ,2.24,LB ,1,R ,H ,U ,14,6,0
707,0,1,Red,4,3,13.0863,34.99,,,,,0,S ,,,31,33,1
532,1,0,,800,600,0,0,,,,,1,,,,,,0
531,1,0,,500,375,0,0,,,,,1,,,,,,0
530,0,0,,500,375,0,0,,,,,0,,,,,,0
529,1,0,,500,375,0,0,,,,,1,,,,,,0
528,0,0,,1000,750,0,0,,,,,0,,,,,,0
527,0,0,,1000,750,0,0,,,,,0,,,,,,0
526,0,0,,800,600,0,0,,,,,0,,,,,,0
525,0,0,,800,600,0,0,,,,,0,,L ,,,,0
524,0,0,,500,375,0,0,,,,,0,,,,,,0
523,0,0,,500,375,0,0,,,,,0,,L ,,,,0
522,1,0,,500,375,145.87,196.92,,,,,1,,,,,,0
521,1,0,,500,375,108.99,147.14,,,,,1,,M ,,,,0
520,1,0,,500,375,98.77,133.34,,,,,1,,L ,,,,0
519,1,0,,500,375,145.87,196.92,,,,,1,,,,,,0
518,1,0,,500,375,108.99,147.14,,,,,1,,M ,,,,0
517,1,0,,500,375,98.77,133.34,,,,,1,,L ,,,,0
516,1,0,,500,375,145.87,196.92,,,,,1,,,,,,0
515,1,0,,500,375,108.99,147.14,,,,,1,,M ,,,,0
514,1,0,,500,375,98.77,133.34,,,,,1,,L ,,,,0
513,0,0,,800,600,0,0,,,460,G  ,0,,,,,,0
512,0,0,,800,600,0,0,,,400,G  ,0,,,,,,0
511,0,0,,800,600,0,0,,,450,G  ,0,,M ,,,,0
510,0,0,,800,600,0,0,,,445,G  ,0,,L ,,,,0
509,0,0,,800,600,0,0,,,400,G  ,0,,,,,,0
508,0,0,,800,600,0,0,,,450,G  ,0,,M ,,,,0
507,0,0,,800,600,0,0,,,435,G  ,0,,L ,,,,0
506,0,0,,1000,750,0,0,,,,,0,,,,,,0
505,0,0,,1000,750,0,0,,,,,0,,,,,,0
504,0,0,,1000,750,0,0,,,,,0,,,,,,0
497,0,0,,1000,750,0,0,,,,,0,,,,,,0
496,0,0,,60,45,0,0,,,,,0,,,,,,0
495,0,0,,60,45,0,0,,,,,0,,,,,,0
494,0,0,,60,45,0,0,,,,,0,,,,,,0
493,0,0,,60,45,0,0,,,,,0,,,,,,0
492,0,0,,60,45,0,0,,,,,0,,,,,,0
491,0,0,,1000,750,0,0,,,,,0,,,,,,0
490,0,0,,1000,750,0,0,,,,,0,,L ,,,,0
489,0,0,,1000,750,0,0,,,,,0,,,,,,0
488,0,0,,1000,750,0,0,,,,,0,,,,,,0
487,0,0,,1000,750,0,0,,,,,0,,,,,,0
486,0,0,,1000,750,0,0,,,,,0,,,,,,0
485,0,0,,1000,750,0,0,,,,,0,,,,,,0
484,0,0,,1000,750,0,0,,,,,0,,,,,,0
483,0,0,,1000,750,0,0,,,,,0,,,,,,0
482,0,0,,1000,750,0,0,,,,,0,,,,,,0
481,0,0,,1000,750,0,0,,,,,0,,,,,,0
480,0,0,,1000,750,0,0,,,,,0,,,,,,0
479,0,0,,1000,750,0,0,,,,,0,,,,,,0
478,0,0,,1000,750,0,0,,,,,0,,,,,,0
477,0,0,,1000,750,0,0,,,,,0,,,,,,0
476,0,0,,1000,750,0,0,,,,,0,,,,,,0
475,0,0,,1000,750,0,0,,,,,0,,,,,,0
474,0,0,,1000,750,0,0,,,,,0,,,,,,0
473,0,0,,1000,750,0,0,,,,,0,,,,,,0
472,0,0,,1000,750,0,0,,,,,0,,,,,,0
471,0,0,,1000,750,0,0,,,,,0,,,,,,0
470,0,0,,1000,750,0,0,,,,,0,,,,,,0
469,0,0,,1000,750,0,0,,,,,0,,,,,,0
468,0,0,,1000,750,0,0,,,,,0,,,,,,0
467,0,0,,1000,750,0,0,,,,,0,,,,,,0
466,0,0,,1000,750,0,0,,,,,0,,,,,,0
465,0,0,,1000,750,0,0,,,,,0,,,,,,0
464,0,0,,1000,750,0,0,,,,,0,,,,,,0
463,0,0,,1000,750,0,0,,,,,0,,,,,,0
462,0,0,,1000,750,0,0,,,,,0,,,,,,0
461,0,0,Silver,1000,750,0,0,,,,,0,,,,,,0
460,0,0,,1000,750,0,0,,,,,0,,,,,,0
459,0,0,,1000,750,0,0,,,,,0,,,,,,0
458,0,0,,1000,750,0,0,,,,,0,,,,,,0
457,0,0,,1000,750,0,0,,,,,0,,,,,,0
456,0,0,,1000,750,0,0,,,,,0,,,,,,0
455,0,0,,1000,750,0,0,,,,,0,,,,,,0
454,0,0,,1000,750,0,0,,,,,0,,,,,,0
453,0,0,,1000,750,0,0,,,,,0,,,,,,0
452,0,0,,1000,750,0,0,,,,,0,,,,,,0
451,0,0,,1000,750,0,0,,,,,0,,,,,,0
450,0,0,,1000,750,0,0,,,,,0,,,,,,0
449,0,0,,1000,750,0,0,,,,,0,,,,,,0
448,0,0,,1000,750,0,0,,,,,0,,,,,,0
447,0,0,,1000,750,0,0,,,,,0,,,,,,0
446,0,0,,1000,750,0,0,,,,,0,,,,,,0
445,0,0,,1000,750,0,0,,,,,0,,,,,,0
444,0,0,,1000,750,0,0,,,,,0,,,,,,0
443,0,0,,1000,750,0,0,,,,,0,,,,,,0
442,0,0,,1000,750,0,0,,,,,0,,,,,,0
441,0,0,,1000,750,0,0,,,,,0,,,,,,0
440,0,0,,1000,750,0,0,,,,,0,,,,,,0
439,0,0,,1000,750,0,0,,,,,0,,,,,,0
438,0,0,,1000,750,0,0,,,,,0,,,,,,0
437,0,0,,1000,750,0,0,,,,,0,,,,,,0
436,0,0,,1000,750,0,0,,,,,0,,,,,,0
435,0,0,,1000,750,0,0,,,,,0,,,,,,0
434,0,0,,1000,750,0,0,,,,,0,,,,,,0
433,0,0,,1000,750,0,0,,,,,0,,,,,,0
432,0,0,,1000,750,0,0,,,,,0,,,,,,0
431,0,0,,1000,750,0,0,,,,,0,,,,,,0
430,0,0,,1000,750,0,0,,,,,0,,,,,,0
429,0,0,,1000,750,0,0,,,,,0,,,,,,0
428,0,0,,1000,750,0,0,,,,,0,,,,,,0
427,0,0,,1000,750,0,0,,,,,0,,,,,,0
426,0,0,,1000,750,0,0,,,,,0,,,,,,0
425,0,0,,1000,750,0,0,,,,,0,,,,,,0
424,0,0,,1000,750,0,0,,,,,0,,,,,,0
423,0,0,,1000,750,0,0,,,,,0,,,,,,0
422,0,0,,1000,750,0,0,,,,,0,,,,,,0
421,0,0,,1000,750,0,0,,,,,0,,,,,,0
420,0,0,,1000,750,0,0,,,,,0,,,,,,0
419,0,0,,1000,750,0,0,,,,,0,,,,,,0
418,0,0,,1000,750,0,0,,,,,0,,,,,,0
417,0,0,,1000,750,0,0,,,,,0,,,,,,0
416,0,0,,1000,750,0,0,,,,,0,,,,,,0
415,0,0,,1000,750,0,0,,,,,0,,,,,,0
414,0,0,,1000,750,0,0,,,,,0,,,,,,0
413,0,0,,1000,750,0,0,,,,,0,,,,,,0
412,0,0,,1000,750,0,0,,,,,0,,,,,,0
411,0,0,,1000,750,0,0,,,,,0,,,,,,0
410,0,0,,1000,750,0,0,,,,,0,,,,,,0
409,0,0,,1000,750,0,0,,,,,0,,,,,,0
408,0,0,,1000,750,0,0,,,,,0,,,,,,0
407,0,0,,1000,750,0,0,,,,,0,,,,,,0
406,0,0,,1000,750,0,0,,,,,0,,,,,,0
405,0,0,,1000,750,0,0,,,,,0,,,,,,0
404,0,0,,1000,750,0,0,,,,,0,,,,,,0
403,0,0,,1000,750,0,0,,,,,0,,,,,,0
402,0,0,,1000,750,0,0,,,,,0,,,,,,0
401,1,0,,500,375,0,0,,,,,1,,,,,,0
400,1,0,,500,375,0,0,,,,,1,,L ,,,,0
399,1,0,,800,600,0,0,,,,,1,,,,,,0
398,1,0,,800,600,0,0,,,,,1,,,,,,0
397,0,0,,1000,750,0,0,,,,,0,,,,,,0
396,0,0,,1000,750,0,0,,,,,0,,,,,,0
395,0,0,,1000,750,0,0,,,,,0,,,,,,0
394,0,0,,1000,750,0,0,,,,,0,,,,,,0
393,0,0,,1000,750,0,0,,,,,0,,,,,,0
392,0,0,,1000,750,0,0,,,,,0,,,,,,0
391,0,0,,1000,750,0,0,,,,,0,,,,,,0
390,0,0,,1000,750,0,0,,,,,0,,,,,,0
389,0,0,,1000,750,0,0,,,,,0,,,,,,0
388,0,0,,1000,750,0,0,,,,,0,,,,,,0
387,0,0,,1000,750,0,0,,,,,0,,,,,,0
386,0,0,,1000,750,0,0,,,,,0,,,,,,0
385,0,0,,1000,750,0,0,,,,,0,,,,,,0
384,0,0,,1000,750,0,0,,,,,0,,,,,,0
383,0,0,,1000,750,0,0,,,,,0,,,,,,0
382,0,0,,1000,750,0,0,,,,,0,,,,,,0
381,0,0,,1000,750,0,0,,,,,0,,,,,,0
380,0,0,,1000,750,0,0,,,,,0,,,,,,0
379,0,0,,1000,750,0,0,,,,,0,,,,,,0
378,0,0,,1000,750,0,0,,,,,0,,,,,,0
377,0,0,,1000,750,0,0,,,,,0,,,,,,0
376,0,0,,1000,750,0,0,,,,,0,,,,,,0
375,0,0,,1000,750,0,0,,,,,0,,,,,,0
374,0,0,,1000,750,0,0,,,,,0,,,,,,0
373,0,0,,1000,750,0,0,,,,,0,,,,,,0
372,0,0,,1000,750,0,0,,,,,0,,,,,,0
371,0,0,,1000,750,0,0,,,,,0,,,,,,0
370,0,0,,1000,750,0,0,,,,,0,,,,,,0
369,0,0,,1000,750,0,0,,,,,0,,,,,,0
368,0,0,,1000,750,0,0,,,,,0,,,,,,0
367,0,0,,1000,750,0,0,,,,,0,,,,,,0
366,0,0,,1000,750,0,0,,,,,0,,,,,,0
365,0,0,,1000,750,0,0,,,,,0,,,,,,0
364,0,0,,1000,750,0,0,,,,,0,,,,,,0
363,0,0,,1000,750,0,0,,,,,0,,,,,,0
362,0,0,,1000,750,0,0,,,,,0,,,,,,0
361,0,0,,1000,750,0,0,,,,,0,,,,,,0
360,0,0,,1000,750,0,0,,,,,0,,,,,,0
359,0,0,,1000,750,0,0,,,,,0,,,,,,0
358,0,0,,800,600,0,0,,,,,0,,,,,,0
357,0,0,,800,600,0,0,,,,,0,,M ,,,,0
356,0,0,,800,600,0,0,,,,,0,,L ,,,,0
355,0,0,,800,600,0,0,,,,,0,,,,,,0
352,0,0,Silver,800,600,0,0,,,,,0,,,,,,0
351,0,0,Silver,800,600,0,0,,,,,0,,,,,,0
350,1,0,,800,600,0,0,,,,,1,,,,,,0
349,0,0,,1000,750,0,0,,,,,0,,,,,,0
348,0,0,,1000,750,0,0,,,,,0,,,,,,0
347,0,0,,1000,750,0,0,,,,,0,,,,,,0
346,0,0,,1000,750,0,0,,,,,0,,,,,,0
345,0,0,,1000,750,0,0,,,,,0,,,,,,0
344,0,0,,1000,750,0,0,,,,,0,,,,,,0
343,0,0,,1000,750,0,0,,,,,0,,,,,,0
342,0,0,,1000,750,0,0,,,,,0,,,,,,0
341,0,0,,1000,750,0,0,,,,,0,,,,,,0
332,0,0,Silver,500,375,0,0,,,,,0,,,,,,0
331,1,0,,800,600,0,0,,,,,1,,,,,,0
330,1,0,,1000,750,0,0,,,,,1,,,,,,0
329,1,0,,1000,750,0,0,,,,,1,,,,,,0
328,1,0,,1000,750,0,0,,,,,1,,,,,,0
327,1,0,,800,600,0,0,,,,,1,,,,,,0
326,0,0,,1000,750,0,0,,,,,0,,,,,,0
325,0,0,,1000,750,0,0,,,,,0,,,,,,0
324,1,0,,1000,750,0,0,,,,,1,,,,,,0
323,0,0,,1000,750,0,0,,,,,0,,,,,,0
322,0,0,Black,1000,750,0,0,,,,,0,,,,,,0
321,0,0,Silver,1000,750,0,0,,,,,0,,,,,,0
320,0,0,Silver,1000,750,0,0,,,,,0,,,,,,0
319,0,0,Black,500,375,0,0,,,,,0,,,,,,0
318,0,0,Black,500,375,0,0,,,,,0,,M ,,,,0
317,0,0,Black,500,375,0,0,,,,,0,,L ,,,,0
316,1,0,,800,600,0,0,,,,,1,,,,,,0
4,0,0,,800,600,0,0,,,,,0,,,,,,0
3,1,0,,800,600,0,0,,,,,1,,,,,,0
2,0,0,,1000,750,0,0,,,,,0,,,,,,0
1,0,0,,1000,750,0,0,,,,,0,,,,,,0
708,0,1,Black,4,3,13.0863,34.99,,,,,0,S ,,,31,33,1
709,0,1,White,4,3,3.3963,9.5,M,,,,0,M ,,U ,23,18,1
710,0,1,White,4,3,3.3963,9.5,L,,,,0,M ,,U ,23,18,1
711,0,1,Blue,4,3,13.0863,34.99,,,,,0,S ,,,31,33,1
712,0,1,Multi,4,3,6.9223,8.99,,,,,0,S ,,U ,19,2,1
713,0,1,Multi,4,3,38.4923,49.99,S,,,,0,S ,,U ,21,11,1
714,0,1,Multi,4,3,38.4923,49.99,M,,,,0,S ,,U ,21,11,1
715,0,1,Multi,4,3,38.4923,49.99,L,,,,0,S ,,U ,21,11,1
716,0,1,Multi,4,3,38.4923,49.99,XL,,,,0,S ,,U ,21,11,1
717,1,1,Red,500,375,868.6342,1431.5,62,CM ,2.3,LB ,1,R ,H ,U ,14,6,1
718,1,1,Red,500,375,868.6342,1431.5,44,CM ,2.12,LB ,1,R ,H ,U ,14,6,1
719,1,1,Red,500,375,868.6342,1431.5,48,CM ,2.16,LB ,1,R ,H ,U ,14,6,1
720,1,1,Red,500,375,868.6342,1431.5,52,CM ,2.2,LB ,1,R ,H ,U ,14,6,0
721,1,1,Red,500,375,868.6342,1431.5,56,CM ,2.24,LB ,1,R ,H ,U ,14,6,0
722,1,1,Black,500,375,204.6251,337.22,58,CM ,2.46,LB ,1,R ,L ,U ,14,9,1
723,1,1,Black,500,375,204.6251,337.22,60,CM ,2.48,LB ,1,R ,L ,U ,14,9,1
724,1,1,Black,500,375,204.6251,337.22,62,CM ,2.5,LB ,1,R ,L ,U ,14,9,0
725,1,1,Red,500,375,187.1571,337.22,44,CM ,2.32,LB ,1,R ,L ,U ,14,9,1
726,1,1,Red,500,375,187.1571,337.22,48,CM ,2.36,LB ,1,R ,L ,U ,14,9,1
727,1,1,Red,500,375,187.1571,337.22,52,CM ,2.4,LB ,1,R ,L ,U ,14,9,1
728,1,1,Red,500,375,187.1571,337.22,58,CM ,2.46,LB ,1,R ,L ,U ,14,9,0
729,1,1,Red,500,375,187.1571,337.22,60,CM ,2.48,LB ,1,R ,L ,U ,14,9,1
730,1,1,Red,500,375,187.1571,337.22,62,CM ,2.5,LB ,1,R ,L ,U ,14,9,1
731,1,1,Red,500,375,352.1394,594.83,44,CM ,2.22,LB ,1,R ,M ,U ,14,16,0
732,1,1,Red,500,375,352.1394,594.83,48,CM ,2.26,LB ,1,R ,M ,U ,14,16,1
733,1,1,Red,500,375,352.1394,594.83,52,CM ,2.3,LB ,1,R ,M ,U ,14,16,1
734,1,1,Red,500,375,352.1394,594.83,58,CM ,2.36,LB ,1,R ,M ,U ,14,16,0
735,1,1,Red,500,375,352.1394,594.83,60,CM ,2.38,LB ,1,R ,M ,U ,14,16,0
736,1,1,Black,500,375,204.6251,337.22,44,CM ,2.32,LB ,1,R ,L ,U ,14,9,1
737,1,1,Black,500,375,204.6251,337.22,48,CM ,2.36,LB ,1,R ,L ,U ,14,9,0
738,1,1,Black,500,375,204.6251,337.22,52,CM ,2.4,LB ,1,R ,L ,U ,14,9,1
739,1,1,Silver,500,375,747.2002,1364.5,42,CM ,2.72,LB ,1,M ,H ,U ,12,5,1
740,1,1,Silver,500,375,706.811,1364.5,44,CM ,2.76,LB ,1,M ,H ,U ,12,5,0
946,1,1,,500,375,20.464,46.09,,,,,1,T ,L ,,4,47,1
947,1,1,,500,375,40.6571,91.57,,,,,1,T ,H ,,4,48,1
948,0,1,Silver,500,375,47.286,106.5,,,317,G  ,1,,,,6,102,1
949,1,1,Black,500,375,77.9176,175.49,,,600,G  ,1,,L ,,8,99,1
741,1,1,Silver,500,375,706.811,1364.5,48,CM ,2.8,LB ,1,M ,H ,U ,12,5,1
742,1,1,Silver,500,375,747.2002,1364.5,46,CM ,2.84,LB ,1,M ,H ,U ,12,5,1
743,1,1,Black,500,375,739.041,1349.6,42,CM ,2.72,LB ,1,M ,H ,U ,12,5,1
744,1,1,Black,500,375,699.0928,1349.6,44,CM ,2.76,LB ,1,M ,H ,U ,12,5,1
745,1,1,Black,500,375,699.0928,1349.6,48,CM ,2.8,LB ,1,M ,H ,U ,12,5,1
746,1,1,Black,500,375,739.041,1349.6,46,CM ,2.84,LB ,1,M ,H ,U ,12,5,0
747,1,1,Black,500,375,739.041,1349.6,38,CM ,2.68,LB ,2,M ,H ,U ,12,5,1
748,1,1,Silver,500,375,747.2002,1364.5,38,CM ,2.68,LB ,2,M ,H ,U ,12,5,1
749,1,1,Red,100,75,2171.2942,3578.27,62,CM ,15,LB ,4,R ,H ,U ,2,25,1
750,1,1,Red,100,75,2171.2942,3578.27,44,CM ,13.77,LB ,4,R ,H ,U ,2,25,1
751,1,1,Red,100,75,2171.2942,3578.27,48,CM ,14.13,LB ,4,R ,H ,U ,2,25,1
752,1,1,Red,100,75,2171.2942,3578.27,52,CM ,14.42,LB ,4,R ,H ,U ,2,25,1
962,1,1,Yellow,100,75,461.4448,742.35,50,CM ,29.13,LB ,4,T ,L ,U ,3,36,1
963,1,1,Yellow,100,75,461.4448,742.35,54,CM ,29.42,LB ,4,T ,L ,U ,3,36,1
753,1,1,Red,100,75,2171.2942,3578.27,56,CM ,14.68,LB ,4,R ,H ,U ,2,25,1
754,1,1,Red,100,75,884.7083,1457.99,58,CM ,17.79,LB ,4,R ,M ,U ,2,28,1
755,1,1,Red,100,75,884.7083,1457.99,60,CM ,17.9,LB ,4,R ,M ,U ,2,28,1
756,1,1,Red,100,75,884.7083,1457.99,44,CM ,16.77,LB ,4,R ,M ,U ,2,28,1
757,1,1,Red,100,75,884.7083,1457.99,48,CM ,17.13,LB ,4,R ,M ,U ,2,28,1
758,1,1,Red,100,75,884.7083,1457.99,52,CM ,17.42,LB ,4,R ,M ,U ,2,28,1
759,1,1,Red,100,75,486.7066,782.99,58,CM ,19.79,LB ,4,R ,L ,U ,2,30,1
760,1,1,Red,100,75,486.7066,782.99,60,CM ,19.9,LB ,4,R ,L ,U ,2,30,1
761,1,1,Red,100,75,486.7066,782.99,62,CM ,20,LB ,4,R ,L ,U ,2,30,1
762,1,1,Red,100,75,486.7066,782.99,44,CM ,18.77,LB ,4,R ,L ,U ,2,30,1
763,1,1,Red,100,75,486.7066,782.99,48,CM ,19.13,LB ,4,R ,L ,U ,2,30,1
764,1,1,Red,100,75,486.7066,782.99,52,CM ,19.42,LB ,4,R ,L ,U ,2,30,1
765,1,1,Black,100,75,486.7066,782.99,58,CM ,19.79,LB ,4,R ,L ,U ,2,30,1
766,1,1,Black,100,75,486.7066,782.99,60,CM ,19.9,LB ,4,R ,L ,U ,2,30,1
767,1,1,Black,100,75,486.7066,782.99,62,CM ,20,LB ,4,R ,L ,U ,2,30,1
768,1,1,Black,100,75,486.7066,782.99,44,CM ,18.77,LB ,4,R ,L ,U ,2,30,1
769,1,1,Black,100,75,486.7066,782.99,48,CM ,19.13,LB ,4,R ,L ,U ,2,30,1
770,1,1,Black,100,75,486.7066,782.99,52,CM ,19.42,LB ,4,R ,L ,U ,2,30,1
771,1,1,Silver,100,75,1912.1544,3399.99,38,CM ,20.35,LB ,4,M ,H ,U ,1,19,1
772,1,1,Silver,100,75,1912.1544,3399.99,42,CM ,20.77,LB ,4,M ,H ,U ,1,19,1
773,1,1,Silver,100,75,1912.1544,3399.99,44,CM ,21.13,LB ,4,M ,H ,U ,1,19,1
774,1,1,Silver,100,75,1912.1544,3399.99,48,CM ,21.42,LB ,4,M ,H ,U ,1,19,1
775,1,1,Black,100,75,1898.0944,3374.99,38,CM ,20.35,LB ,4,M ,H ,U ,1,19,1
914,0,1,,500,375,12.0413,27.12,,,,,1,T ,L ,,15,66,1
988,1,1,Silver,100,75,308.2179,564.99,52,CM ,28.68,LB ,4,M ,L ,U ,1,23,1
989,1,1,Black,100,75,294.5797,539.99,40,CM ,27.35,LB ,4,M ,L ,U ,1,23,1
990,1,1,Black,100,75,294.5797,539.99,42,CM ,27.77,LB ,4,M ,L ,U ,1,23,1
991,1,1,Black,100,75,294.5797,539.99,44,CM ,28.13,LB ,4,M ,L ,U ,1,23,1
992,1,1,Black,100,75,294.5797,539.99,48,CM ,28.42,LB ,4,M ,L ,U ,1,23,1
993,1,1,Black,100,75,294.5797,539.99,52,CM ,28.68,LB ,4,M ,L ,U ,1,23,1
994,1,1,,500,375,23.9716,53.99,,,223,G  ,1,,L ,,5,95,1
995,1,1,,500,375,44.9506,101.24,,,168,G  ,1,,M ,,5,96,0
996,1,1,,500,375,53.9416,121.49,,,170,G  ,1,,H ,,5,97,1
997,1,1,Black,100,75,343.6496,539.99,44,CM ,19.77,LB ,4,R ,L ,U ,2,31,1
998,1,1,Black,100,75,343.6496,539.99,48,CM ,20.13,LB ,4,R ,L ,U ,2,31,1
999,1,1,Black,100,75,343.6496,539.99,52,CM ,20.42,LB ,4,R ,L ,U ,2,31,1
915,0,1,,500,375,17.3782,39.14,,,,,1,T ,M ,,15,65,1
916,0,1,,500,375,23.3722,52.64,,,,,1,T ,H ,,15,67,1
917,1,1,Silver,500,375,144.5938,264.05,42,CM ,2.92,LB ,1,M ,L ,U ,12,8,1
918,1,1,Silver,500,375,144.5938,264.05,44,CM ,2.96,LB ,1,M ,L ,U ,12,8,1
919,1,1,Silver,500,375,144.5938,264.05,48,CM ,3,LB ,1,M ,L ,U ,12,8,1
920,1,1,Silver,500,375,144.5938,264.05,52,CM ,3.04,LB ,1,M ,L ,U ,12,8,1
921,0,1,,500,375,1.8663,4.99,,,,,0,M ,,,37,92,1
922,0,1,,500,375,1.4923,3.99,,,,,0,R ,,,37,93,1
923,0,1,,500,375,1.8663,4.99,,,,,0,T ,,,37,94,1
924,1,1,Black,500,375,136.785,249.79,42,CM ,2.92,LB ,1,M ,L ,U ,12,8,1
925,1,1,Black,500,375,136.785,249.79,44,CM ,2.96,LB ,1,M ,L ,U ,12,8,1
926,1,1,Black,500,375,136.785,249.79,48,CM ,3,LB ,1,M ,L ,U ,12,8,1
927,1,1,Black,500,375,136.785,249.79,52,CM ,3.04,LB ,1,M ,L ,U ,12,8,1
928,0,1,,500,375,9.3463,24.99,,,,,0,M ,L ,,37,85,1
929,0,1,,500,375,11.2163,29.99,,,,,0,M ,M ,,37,86,1
930,0,1,,500,375,13.09,35,,,,,0,M ,H ,,37,87,1
931,0,1,,500,375,8.0373,21.49,,,,,0,R ,L ,,37,88,1
932,0,1,,500,375,9.3463,24.99,,,,,0,R ,M ,,37,89,1
933,0,1,,500,375,12.1924,32.6,,,,,0,R ,H ,,37,90,1
934,0,1,,500,375,10.8423,28.99,,,,,0,T ,,,37,91,1
935,0,1,Silver/Black,500,375,17.9776,40.49,,,218,G  ,1,M ,L ,,13,62,1
936,0,1,Silver/Black,500,375,27.568,62.09,,,215,G  ,1,M ,M ,,13,63,1
937,0,1,Silver/Black,500,375,35.9596,80.99,,,185,G  ,1,M ,H ,,13,64,1
938,0,1,Silver/Black,500,375,17.9776,40.49,,,189,G  ,1,R ,L ,,13,68,1
939,0,1,Silver/Black,500,375,27.568,62.09,,,168,G  ,1,R ,M ,,13,69,1
940,0,1,Silver/Black,500,375,35.9596,80.99,,,149,G  ,1,R ,H ,,13,70,1
941,0,1,Silver/Black,500,375,35.9596,80.99,,,,,1,T ,,,13,53,1
942,1,1,Silver,500,375,199.3757,364.09,38,CM ,2.73,LB ,2,M ,M ,W ,12,15,1
943,1,1,Black,500,375,136.785,249.79,40,CM ,2.88,LB ,2,M ,L ,U ,12,8,1
944,1,1,Silver,500,375,144.5938,264.05,40,CM ,2.88,LB ,2,M ,L ,U ,12,8,1
945,1,1,Silver,500,375,40.6216,91.49,,,88,G  ,1,,,,9,103,1
776,1,1,Black,100,75,1898.0944,3374.99,42,CM ,20.77,LB ,4,M ,H ,U ,1,19,1
777,1,1,Black,100,75,1898.0944,3374.99,44,CM ,21.13,LB ,4,M ,H ,U ,1,19,1
778,1,1,Black,100,75,1898.0944,3374.99,48,CM ,21.42,LB ,4,M ,H ,U ,1,19,1
779,1,1,Silver,100,75,1265.6195,2319.99,38,CM ,23.35,LB ,4,M ,H ,U ,1,20,1
780,1,1,Silver,100,75,1265.6195,2319.99,42,CM ,23.77,LB ,4,M ,H ,U ,1,20,1
781,1,1,Silver,100,75,1265.6195,2319.99,46,CM ,24.13,LB ,4,M ,H ,U ,1,20,1
782,1,1,Black,100,75,1251.9813,2294.99,38,CM ,23.35,LB ,4,M ,H ,U ,1,20,1
783,1,1,Black,100,75,1251.9813,2294.99,42,CM ,23.77,LB ,4,M ,H ,U ,1,20,1
784,1,1,Black,100,75,1251.9813,2294.99,46,CM ,24.13,LB ,4,M ,H ,U ,1,20,1
785,1,1,Black,100,75,598.4354,1079.99,38,CM ,25.35,LB ,4,M ,M ,U ,1,21,1
786,1,1,Black,100,75,598.4354,1079.99,40,CM ,25.77,LB ,4,M ,M ,U ,1,21,1
787,1,1,Black,100,75,598.4354,1079.99,44,CM ,26.13,LB ,4,M ,M ,U ,1,21,1
788,1,1,Black,100,75,598.4354,1079.99,48,CM ,26.42,LB ,4,M ,M ,U ,1,21,1
789,1,1,Red,100,75,1518.7864,2443.35,44,CM ,14.77,LB ,4,R ,H ,U ,2,26,1
790,1,1,Red,100,75,1518.7864,2443.35,48,CM ,15.13,LB ,4,R ,H ,U ,2,26,1
791,1,1,Red,100,75,1518.7864,2443.35,52,CM ,15.42,LB ,4,R ,H ,U ,2,26,1
792,1,1,Red,100,75,1554.9479,2443.35,58,CM ,15.79,LB ,4,R ,H ,U ,2,26,1
793,1,1,Black,100,75,1554.9479,2443.35,44,CM ,14.77,LB ,4,R ,H ,U ,2,26,1
794,1,1,Black,100,75,1554.9479,2443.35,48,CM ,15.13,LB ,4,R ,H ,U ,2,26,1
795,1,1,Black,100,75,1554.9479,2443.35,52,CM ,15.42,LB ,4,R ,H ,U ,2,26,1
796,1,1,Black,100,75,1554.9479,2443.35,58,CM ,15.68,LB ,4,R ,H ,U ,2,26,1
797,1,1,Yellow,100,75,713.0798,1120.49,38,CM ,17.35,LB ,4,R ,M ,W ,2,29,1
798,1,1,Yellow,100,75,713.0798,1120.49,40,CM ,17.77,LB ,4,R ,M ,W ,2,29,1
799,1,1,Yellow,100,75,713.0798,1120.49,42,CM ,18.13,LB ,4,R ,M ,W ,2,29,1
800,1,1,Yellow,100,75,713.0798,1120.49,44,CM ,18.42,LB ,4,R ,M ,W ,2,29,1
801,1,1,Yellow,100,75,713.0798,1120.49,48,CM ,18.68,LB ,4,R ,M ,W ,2,29,1
802,1,1,,500,375,65.8097,148.22,,,,,1,,L ,,10,104,1
803,1,1,,500,375,77.9176,175.49,,,,,1,,M ,,10,105,0
804,1,1,,500,375,101.8936,229.49,,,,,1,,H ,,10,106,1
805,1,1,,500,375,15.1848,34.2,,,,,1,,L ,,11,59,1
806,1,1,,500,375,45.4168,102.29,,,,,1,,M ,,11,60,1
807,1,1,,500,375,55.3801,124.73,,,,,1,,H ,,11,61,1
808,1,1,,500,375,19.7758,44.54,,,,,1,M ,L ,,4,52,1
809,1,1,,500,375,27.4925,61.92,,,,,1,M ,M ,,4,54,1
810,1,1,,500,375,53.3999,120.27,,,,,1,M ,H ,,4,55,1
811,1,1,,500,375,19.7758,44.54,,,,,1,R ,L ,,4,56,1
812,1,1,,500,375,27.4925,61.92,,,,,1,R ,M ,,4,57,0
813,1,1,,500,375,53.3999,120.27,,,,,1,R ,H ,,4,58,1
814,1,1,Black,500,375,185.8193,348.76,38,CM ,2.73,LB ,2,M ,M ,U ,12,15,1
815,1,1,Black,500,375,26.9708,60.745,,,,,1,M ,L ,,17,42,1
816,1,1,Black,500,375,92.8071,209.025,,,,,1,M ,M ,,17,45,1
817,1,1,Black,500,375,133.2955,300.215,,,,,1,M ,H ,,17,46,1
818,1,1,Black,500,375,37.9909,85.565,,,900,G  ,1,R ,L ,,17,49,0
819,1,1,Black,500,375,110.2829,248.385,,,850,G  ,1,R ,M ,,17,50,1
820,1,1,Black,500,375,146.5466,330.06,,,650,G  ,1,R ,H ,,17,51,1
821,1,1,Black,500,375,96.7964,218.01,,,,,1,T ,,,17,44,0
822,1,1,Yellow,500,375,360.9428,594.83,38,CM ,2.18,LB ,2,R ,M ,W ,14,17,1
823,1,1,Black,500,375,38.9588,87.745,,,,,1,M ,L ,,17,123,1
824,1,1,Black,500,375,104.7951,236.025,,,,,1,M ,M ,,17,124,1
825,1,1,Black,500,375,145.2835,327.215,,,,,1,M ,H ,,17,125,1
826,1,1,Black,500,375,49.9789,112.565,,,1050,G  ,1,R ,L ,,17,126,1
827,1,1,Black,500,375,122.2709,275.385,,,1000,G  ,1,R ,M ,,17,77,1
828,1,1,Black,500,375,158.5346,357.06,,,890,G  ,1,R ,H ,,17,78,1
829,1,1,Black,500,375,108.7844,245.01,,,,,1,T ,,,17,43,0
830,1,1,Black,500,375,185.8193,348.76,40,CM ,2.77,LB ,1,M ,M ,U ,12,14,1
831,1,1,Black,500,375,185.8193,348.76,44,CM ,2.81,LB ,1,M ,M ,U ,12,14,1
832,1,1,Black,500,375,185.8193,348.76,48,CM ,2.85,LB ,1,M ,M ,U ,12,14,1
833,1,1,Yellow,500,375,360.9428,594.83,40,CM ,2.22,LB ,1,R ,M ,W ,14,17,1
834,1,1,Yellow,500,375,360.9428,594.83,42,CM ,2.26,LB ,1,R ,M ,W ,14,17,0
835,1,1,Yellow,500,375,360.9428,594.83,44,CM ,2.3,LB ,1,R ,M ,W ,14,17,1
836,1,1,Yellow,500,375,360.9428,594.83,48,CM ,2.34,LB ,1,R ,M ,W ,14,17,1
837,1,1,Black,500,375,868.6342,1431.5,62,CM ,2.3,LB ,1,R ,H ,U ,14,6,0
838,1,1,Black,500,375,868.6342,1431.5,44,CM ,2.12,LB ,1,R ,H ,U ,14,6,1
839,1,1,Black,500,375,868.6342,1431.5,48,CM ,2.16,LB ,1,R ,H ,U ,14,6,1
840,1,1,Black,500,375,868.6342,1431.5,52,CM ,2.2,LB ,1,R ,H ,U ,14,6,0
841,0,1,Black,4,3,24.7459,59.99,S,,,,0,S ,,M ,22,13,1
842,0,1,Grey,4,3,51.5625,125,,,,,0,T ,,,35,120,0
843,0,1,,4,3,10.3125,25,,,,,0,S ,,,34,115,1
844,0,1,,4,3,8.2459,19.99,,,,,0,S ,,,36,116,1
845,0,1,,4,3,10.3084,24.99,,,,,0,M ,,,36,117,0
846,0,1,,4,3,5.7709,13.99,,,,,0,R ,,,33,108,0
847,0,1,,4,3,14.4334,34.99,,,,,0,R ,,,33,109,0
848,0,1,,4,3,18.5584,44.99,,,,,0,R ,,,33,110,0
849,0,1,Black,4,3,24.7459,59.99,M,,,,0,S ,,M ,22,13,1
850,0,1,Black,4,3,24.7459,59.99,L,,,,0,S ,,M ,22,13,1
851,0,1,Black,4,3,24.7459,59.99,XL,,,,0,S ,,M ,22,13,0
852,0,1,Black,4,3,30.9334,74.99,S,,,,0,S ,,W ,24,38,1
853,0,1,Black,4,3,30.9334,74.99,M,,,,0,S ,,W ,24,38,1
854,0,1,Black,4,3,30.9334,74.99,L,,,,0,S ,,W ,24,38,1
855,0,1,Multi,4,3,37.1209,89.99,S,,,,0,S ,,M ,18,12,1
856,0,1,Multi,4,3,37.1209,89.99,M,,,,0,S ,,M ,18,12,1
857,0,1,Multi,4,3,37.1209,89.99,L,,,,0,S ,,M ,18,12,1
858,0,1,Black,4,3,9.1593,24.49,S,,,,0,S ,,U ,20,4,1
859,0,1,Black,4,3,9.1593,24.49,M,,,,0,S ,,U ,20,4,1
860,0,1,Black,4,3,9.1593,24.49,L,,,,0,S ,,U ,20,4,1
861,0,1,Black,4,3,15.6709,37.99,S,,,,0,M ,,U ,20,3,1
862,0,1,Black,4,3,15.6709,37.99,M,,,,0,M ,,U ,20,3,1
863,0,1,Black,4,3,15.6709,37.99,L,,,,0,M ,,U ,20,3,1
864,0,1,Blue,4,3,23.749,63.5,S,,,,0,S ,,U ,25,1,1
865,0,1,Blue,4,3,23.749,63.5,M,,,,0,S ,,U ,25,1,1
866,0,1,Blue,4,3,23.749,63.5,L,,,,0,S ,,U ,25,1,1
867,0,1,Black,4,3,26.1763,69.99,S,,,,0,M ,,W ,22,37,1
868,0,1,Black,4,3,26.1763,69.99,M,,,,0,M ,,W ,22,37,1
869,0,1,Black,4,3,26.1763,69.99,L,,,,0,M ,,W ,22,37,1
870,0,1,,4,3,1.8663,4.99,,,,,0,S ,,,28,111,1
871,0,1,,4,3,3.7363,9.99,,,,,0,M ,,,28,112,1
872,0,1,,4,3,3.3623,8.99,,,,,0,R ,,,28,113,1
873,0,1,,4,3,0.8565,2.29,,,,,0,S ,,,37,114,1
874,0,1,White,4,3,3.3623,8.99,M,,,,0,R ,,U ,23,24,1
875,0,1,White,4,3,3.3623,8.99,L,,,,0,R ,,U ,23,24,1
876,0,1,,4,3,44.88,120,,,,,0,S ,,,26,118,1
877,0,1,,4,3,2.9733,7.95,,,,,0,S ,,,29,119,1
878,0,1,,4,3,8.2205,21.98,,,,,0,M ,,,30,121,1
879,0,1,,4,3,59.466,159,,,,,0,M ,,,27,122,1
880,0,1,Silver,4,3,20.5663,54.99,70,,,,0,S ,,,32,107,1
881,0,1,Yellow,4,3,41.5723,53.99,S,,,,0,S ,,U ,21,32,1
882,0,1,Yellow,4,3,41.5723,53.99,M,,,,0,S ,,U ,21,32,1
883,0,1,Yellow,4,3,41.5723,53.99,L,,,,0,S ,,U ,21,32,1
884,0,1,Yellow,4,3,41.5723,53.99,XL,,,,0,S ,,U ,21,32,1
885,1,1,Yellow,500,375,601.7437,1003.91,60,CM ,3.08,LB ,1,T ,H ,U ,16,7,1
886,1,1,Yellow,500,375,199.8519,333.42,62,CM ,3.2,LB ,1,T ,L ,U ,16,10,1
887,1,1,Yellow,500,375,601.7437,1003.91,46,CM ,2.96,LB ,1,T ,H ,U ,16,7,1
888,1,1,Yellow,500,375,601.7437,1003.91,50,CM ,3,LB ,1,T ,H ,U ,16,7,1
889,1,1,Yellow,500,375,601.7437,1003.91,54,CM ,3.04,LB ,1,T ,H ,U ,16,7,1
890,1,1,Blue,500,375,601.7437,1003.91,46,CM ,2.96,LB ,1,T ,H ,U ,16,7,1
891,1,1,Blue,500,375,601.7437,1003.91,50,CM ,3,LB ,1,T ,H ,U ,16,7,1
892,1,1,Blue,500,375,601.7437,1003.91,54,CM ,3.04,LB ,1,T ,H ,U ,16,7,1
893,1,1,Blue,500,375,601.7437,1003.91,60,CM ,3.08,LB ,1,T ,H ,U ,16,7,1
894,1,1,Silver,500,375,53.9282,121.46,,,215,G  ,1,,,,9,127,1
895,1,1,Blue,500,375,199.8519,333.42,50,CM ,3.1,LB ,1,T ,L ,U ,16,10,1
896,1,1,Blue,500,375,199.8519,333.42,54,CM ,3.14,LB ,1,T ,L ,U ,16,10,1
897,1,1,Blue,500,375,199.8519,333.42,58,CM ,3.16,LB ,1,T ,L ,U ,16,10,1
898,1,1,Blue,500,375,199.8519,333.42,62,CM ,3.2,LB ,1,T ,L ,U ,16,10,1
899,1,1,Yellow,500,375,199.8519,333.42,44,CM ,3.02,LB ,1,T ,L ,U ,16,10,1
900,1,1,Yellow,500,375,199.8519,333.42,50,CM ,3.1,LB ,1,T ,L ,U ,16,10,1
901,1,1,Yellow,500,375,199.8519,333.42,54,CM ,3.14,LB ,1,T ,L ,U ,16,10,0
902,1,1,Yellow,500,375,199.8519,333.42,58,CM ,3.16,LB ,1,T ,L ,U ,16,10,1
903,1,1,Blue,500,375,199.8519,333.42,44,CM ,3.02,LB ,1,T ,L ,U ,16,10,1
904,1,1,Silver,500,375,199.3757,364.09,40,CM ,2.77,LB ,1,M ,M ,W ,12,15,1
905,1,1,Silver,500,375,199.3757,364.09,42,CM ,2.81,LB ,1,M ,M ,W ,12,15,1
906,1,1,Silver,500,375,199.3757,364.09,46,CM ,2.85,LB ,1,M ,M ,W ,12,15,1
907,0,1,Silver,500,375,47.286,106.5,,,317,G  ,1,,,,6,128,1
908,0,1,,500,375,12.0413,27.12,,,,,1,M ,L ,,15,79,1
909,0,1,,500,375,17.3782,39.14,,,,,1,M ,M ,,15,80,1
910,0,1,,500,375,23.3722,52.64,,,,,1,M ,H ,,15,81,1
911,0,1,,500,375,12.0413,27.12,,,,,1,R ,L ,,15,82,1
912,0,1,,500,375,17.3782,39.14,,,,,1,T ,M ,,15,83,0
913,0,1,,500,375,23.3722,52.64,,,,,1,R ,H ,,15,84,1
950,1,1,Black,500,375,113.8816,256.49,,,635,G  ,1,,M ,,8,100,1
951,1,1,Black,500,375,179.8156,404.99,,,575,G  ,1,,H ,,8,101,1
952,0,1,Silver,500,375,8.9866,20.24,,,,,1,,,,7,98,1
953,1,1,Blue,100,75,755.1508,1214.85,60,CM ,27.9,LB ,4,T ,M ,U ,3,35,1
954,1,1,Yellow,100,75,1481.9379,2384.07,46,CM ,25.13,LB ,4,T ,H ,U ,3,34,1
955,1,1,Yellow,100,75,1481.9379,2384.07,50,CM ,25.42,LB ,4,T ,H ,U ,3,34,1
956,1,1,Yellow,100,75,1481.9379,2384.07,54,CM ,25.68,LB ,4,T ,H ,U ,3,34,1
957,1,1,Yellow,100,75,1481.9379,2384.07,60,CM ,25.9,LB ,4,T ,H ,U ,3,34,1
958,1,1,Blue,100,75,461.4448,742.35,54,CM ,29.68,LB ,4,T ,L ,U ,3,36,1
959,1,1,Blue,100,75,461.4448,742.35,58,CM ,29.9,LB ,4,T ,L ,U ,3,36,1
960,1,1,Blue,100,75,461.4448,742.35,62,CM ,30,LB ,4,T ,L ,U ,3,36,1
961,1,1,Yellow,100,75,461.4448,742.35,44,CM ,28.77,LB ,4,T ,L ,U ,3,36,1
964,1,1,Yellow,100,75,461.4448,742.35,58,CM ,29.79,LB ,4,T ,L ,U ,3,36,1
965,1,1,Yellow,100,75,461.4448,742.35,62,CM ,30,LB ,4,T ,L ,U ,3,36,1
966,1,1,Blue,100,75,1481.9379,2384.07,46,CM ,25.13,LB ,4,T ,H ,U ,3,34,1
967,1,1,Blue,100,75,1481.9379,2384.07,50,CM ,25.42,LB ,4,T ,H ,U ,3,34,1
968,1,1,Blue,100,75,1481.9379,2384.07,54,CM ,25.68,LB ,4,T ,H ,U ,3,34,1
969,1,1,Blue,100,75,1481.9379,2384.07,60,CM ,25.9,LB ,4,T ,H ,U ,3,34,1
970,1,1,Blue,100,75,755.1508,1214.85,46,CM ,27.13,LB ,4,T ,M ,U ,3,35,1
971,1,1,Blue,100,75,755.1508,1214.85,50,CM ,27.42,LB ,4,T ,M ,U ,3,35,1
972,1,1,Blue,100,75,755.1508,1214.85,54,CM ,27.68,LB ,4,T ,M ,U ,3,35,1
973,1,1,Yellow,100,75,1082.51,1700.99,40,CM ,15.35,LB ,4,R ,M ,W ,2,27,1
974,1,1,Yellow,100,75,1082.51,1700.99,42,CM ,15.77,LB ,4,R ,M ,W ,2,27,1
975,1,1,Yellow,100,75,1082.51,1700.99,44,CM ,16.13,LB ,4,R ,M ,W ,2,27,1
976,1,1,Yellow,100,75,1082.51,1700.99,48,CM ,16.42,LB ,4,R ,M ,W ,2,27,1
977,1,1,Black,100,75,343.6496,539.99,58,CM ,20.79,LB ,4,R ,L ,U ,2,31,1
978,1,1,Blue,100,75,461.4448,742.35,44,CM ,28.77,LB ,4,T ,L ,U ,3,36,1
979,1,1,Blue,100,75,461.4448,742.35,50,CM ,29.13,LB ,4,T ,L ,U ,3,36,1
980,1,1,Silver,100,75,419.7784,769.49,38,CM ,26.35,LB ,4,M ,M ,W ,1,22,1
981,1,1,Silver,100,75,419.7784,769.49,40,CM ,26.77,LB ,4,M ,M ,W ,1,22,1
982,1,1,Silver,100,75,419.7784,769.49,42,CM ,27.13,LB ,4,M ,M ,W ,1,22,1
983,1,1,Silver,100,75,419.7784,769.49,46,CM ,27.42,LB ,4,M ,M ,W ,1,22,1
984,1,1,Silver,100,75,308.2179,564.99,40,CM ,27.35,LB ,4,M ,L ,U ,1,23,1
985,1,1,Silver,100,75,308.2179,564.99,42,CM ,27.77,LB ,4,M ,L ,U ,1,23,1
986,1,1,Silver,100,75,308.2179,564.99,44,CM ,28.13,LB ,4,M ,L ,U ,1,23,1
987,1,1,Silver,100,75,308.2179,564.99,48,CM ,28.42,LB ,4,M ,L ,U ,1,23,1
